id,Nombre,Apellido,Edad,Sexo,Username
1,Nichole,Viscovi,18,Hombre,NicholeViscovi
2,Jarrod,Olek,19,Hombre,JarrodOlek
3,Gweneth,Sanbroke,20,Mujer,GwenethSanbroke
4,Carma,Gilluley,21,Mujer,CarmaGilluley
5,Rice,Rolph,22,Hombre,RiceRolph
6,Dasya,Gatecliffe,23,Mujer,DasyaGatecliffe
7,Chastity,Perrinchief,24,Mujer,ChastityPerrinchief
8,Julita,Antyukhin,25,Mujer,JulitaAntyukhin
9,Granny,Cordie,26,Hombre,GrannyCordie
10,Louise,Borres,27,Mujer,LouiseBorres
11,Gladys,Dashkov,28,Mujer,GladysDashkov
12,Vince,Concklin,29,Hombre,VinceConcklin
13,Olin,Gerlts,30,Hombre,OlinGerlts
14,Turner,Knightley,31,Hombre,TurnerKnightley
15,Nathalia,Poli,32,Mujer,NathaliaPoli
16,Kristan,Goodrick,33,Mujer,KristanGoodrick
17,Bartlet,Bunworth,34,Hombre,BartletBunworth
18,Gillan,Pennycuick,35,Mujer,GillanPennycuick
19,Goran,Hallawell,36,Hombre,GoranHallawell
20,Teodoro,Pavluk,37,Hombre,TeodoroPavluk
21,Peri,Savary,38,Mujer,PeriSavary
22,Amabel,Tolotti,39,Mujer,AmabelTolotti
23,Lionel,Aysh,40,Hombre,LionelAysh
24,Berty,Passfield,41,Hombre,BertyPassfield
25,Tawsha,Goady,42,Mujer,TawshaGoady
26,Randy,Samet,43,Mujer,RandySamet
27,Aurore,Glastonbury,44,Mujer,AuroreGlastonbury
28,Daffy,Abrahm,45,Mujer,DaffyAbrahm
29,Guss,Kobsch,46,Hombre,GussKobsch
30,Olivia,Tidey,47,Mujer,OliviaTidey
31,Gay,Slinger,48,Hombre,GaySlinger
32,Zenia,Weetch,49,Mujer,ZeniaWeetch
33,Susette,Friedman,50,Mujer,SusetteFriedman
34,Roslyn,Shawl,51,Mujer,RoslynShawl
35,Theo,Daughton,52,Mujer,TheoDaughton
36,Maribeth,Deevey,53,Mujer,MaribethDeevey
37,Redford,Eastlake,54,Hombre,RedfordEastlake
38,Conny,Mathis,55,Mujer,ConnyMathis
39,Rozanne,Bellwood,56,Mujer,RozanneBellwood
40,Cristionna,Kemery,57,Mujer,CristionnaKemery
41,Cord,Corrao,58,Hombre,CordCorrao
42,Nadeen,Trangmar,59,Mujer,NadeenTrangmar
43,Wheeler,Greatbach,60,Hombre,WheelerGreatbach
44,Tilda,Weildish,61,Mujer,TildaWeildish
45,Tillie,Jannaway,62,Mujer,TillieJannaway
46,Adolpho,Gosnold,63,Hombre,AdolphoGosnold
47,Wainwright,Hegarty,64,Hombre,WainwrightHegarty
48,Rois,Mundee,65,Mujer,RoisMundee
49,Eduino,Beveredge,66,Hombre,EduinoBeveredge
50,Mina,Goodin,67,Mujer,MinaGoodin
51,Germaine,Brumwell,68,Mujer,GermaineBrumwell
52,Vonnie,Rase,69,Mujer,VonnieRase
53,Val,Hinks,70,Hombre,ValHinks
54,Margy,Ritchings,71,Mujer,MargyRitchings
55,Cort,Leven,72,Hombre,CortLeven
56,Edmund,Clawley,73,Hombre,EdmundClawley
57,Vin,Kahan,74,Mujer,VinKahan
58,Mata,Kauble,75,Hombre,MataKauble
59,Davina,Chaundy,76,Mujer,DavinaChaundy
60,Rosemaria,Cardoe,77,Mujer,RosemariaCardoe
61,Waiter,Bubbings,78,Hombre,WaiterBubbings
62,Alma,Baudon,79,Mujer,AlmaBaudon
63,Chadd,Purdom,80,Hombre,ChaddPurdom
64,Kingsley,DelaField,18,Hombre,KingsleyDelaField
65,Grissel,Rikkard,19,Mujer,GrisselRikkard
66,Querida,Thumann,20,Mujer,QueridaThumann
67,Christen,Hardwicke,21,Mujer,ChristenHardwicke
68,Forester,Barns,22,Hombre,ForesterBarns
69,Trevor,Jaan,23,Hombre,TrevorJaan
70,Oralia,Helks,24,Mujer,OraliaHelks
71,Gareth,Campbell-Dunlop,25,Hombre,GarethCampbell-Dunlop
72,Lorna,Cottis,26,Mujer,LornaCottis
73,Loria,Goldsworthy,27,Mujer,LoriaGoldsworthy
74,Vina,Vankin,28,Mujer,VinaVankin
75,Frayda,Lindsell,29,Mujer,FraydaLindsell
76,Fionna,Fronzek,30,Mujer,FionnaFronzek
77,Jan,Brodnecke,31,Hombre,JanBrodnecke
78,Leyla,Margach,32,Mujer,LeylaMargach
79,Delilah,Laverick,33,Mujer,DelilahLaverick
80,Adam,Dunley,34,Hombre,AdamDunley
81,Sherrie,Jahn,35,Mujer,SherrieJahn
82,Kippie,Larmett,36,Hombre,KippieLarmett
83,Garth,Jahan,37,Hombre,GarthJahan
84,Mirelle,Di Francesco,38,Mujer,MirelleDi Francesco
85,Tally,Clingoe,39,Hombre,TallyClingoe
86,Herrick,Dyble,40,Hombre,HerrickDyble
87,Riki,Jahncke,41,Mujer,RikiJahncke
88,Allison,Pegram,42,Mujer,AllisonPegram
89,Augustina,Probbing,43,Mujer,AugustinaProbbing
90,Orel,Elphinston,44,Mujer,OrelElphinston
91,Trixi,Keyden,45,Mujer,TrixiKeyden
92,Ricoriki,Sauvan,46,Hombre,RicorikiSauvan
93,Miguela,Trevon,47,Mujer,MiguelaTrevon
94,Rana,Dik,48,Mujer,RanaDik
95,Kendre,Waters,49,Mujer,KendreWaters
96,Filip,Mayers,50,Hombre,FilipMayers
97,Martelle,Harkins,51,Mujer,MartelleHarkins
98,Emlynn,Mantrip,52,Mujer,EmlynnMantrip
99,Rosene,Boig,53,Mujer,RoseneBoig
100,Zaneta,Noriega,54,Mujer,ZanetaNoriega